{
	"BUILD_DIR" : "/home/ryc/Working/Copia/Visual/build-Visual2-Desktop-Debug/Visual2_autogen",
	"CMAKE_BINARY_DIR" : "/home/ryc/Working/Copia/Visual/build-Visual2-Desktop-Debug",
	"CMAKE_CURRENT_BINARY_DIR" : "/home/ryc/Working/Copia/Visual/build-Visual2-Desktop-Debug",
	"CMAKE_CURRENT_SOURCE_DIR" : "/home/ryc/Working/Copia/Visual/Visual2",
	"CMAKE_EXECUTABLE" : "/usr/bin/cmake",
	"CMAKE_LIST_FILES" : 
	[
		"/home/ryc/Working/Copia/Visual/Visual2/CMakeLists.txt",
		"/usr/share/cmake/Modules/CMakeDetermineSystem.cmake",
		"/usr/share/cmake/Modules/CMakeSystem.cmake.in",
		"/home/ryc/Working/Copia/Visual/build-Visual2-Desktop-Debug/CMakeFiles/3.25.1/CMakeSystem.cmake",
		"/usr/share/cmake/Modules/CMakeUnixFindMake.cmake",
		"/usr/share/cmake/Modules/CMakeSystemSpecificInitialize.cmake",
		"/usr/share/cmake/Modules/CMakeDetermineCXXCompiler.cmake",
		"/usr/share/cmake/Modules/CMakeDetermineCompiler.cmake",
		"/usr/share/cmake/Modules/Platform/Linux-Determine-CXX.cmake",
		"/usr/share/cmake/Modules/CMakeDetermineCompilerId.cmake",
		"/usr/share/cmake/Modules/CMakeCompilerIdDetection.cmake",
		"/usr/share/cmake/Modules/Compiler/ADSP-DetermineCompiler.cmake",
		"/usr/share/cmake/Modules/Compiler/ARMCC-DetermineCompiler.cmake",
		"/usr/share/cmake/Modules/Compiler/ARMClang-DetermineCompiler.cmake",
		"/usr/share/cmake/Modules/Compiler/AppleClang-DetermineCompiler.cmake",
		"/usr/share/cmake/Modules/Compiler/Clang-DetermineCompilerInternal.cmake",
		"/usr/share/cmake/Modules/Compiler/Borland-DetermineCompiler.cmake",
		"/usr/share/cmake/Modules/Compiler/Clang-DetermineCompiler.cmake",
		"/usr/share/cmake/Modules/Compiler/Clang-DetermineCompilerInternal.cmake",
		"/usr/share/cmake/Modules/Compiler/Comeau-CXX-DetermineCompiler.cmake",
		"/usr/share/cmake/Modules/Compiler/Compaq-CXX-DetermineCompiler.cmake",
		"/usr/share/cmake/Modules/Compiler/Cray-DetermineCompiler.cmake",
		"/usr/share/cmake/Modules/Compiler/Embarcadero-DetermineCompiler.cmake",
		"/usr/share/cmake/Modules/Compiler/Fujitsu-DetermineCompiler.cmake",
		"/usr/share/cmake/Modules/Compiler/FujitsuClang-DetermineCompiler.cmake",
		"/usr/share/cmake/Modules/Compiler/GHS-DetermineCompiler.cmake",
		"/usr/share/cmake/Modules/Compiler/GNU-CXX-DetermineCompiler.cmake",
		"/usr/share/cmake/Modules/Compiler/HP-CXX-DetermineCompiler.cmake",
		"/usr/share/cmake/Modules/Compiler/IAR-DetermineCompiler.cmake",
		"/usr/share/cmake/Modules/Compiler/IBMClang-CXX-DetermineCompiler.cmake",
		"/usr/share/cmake/Modules/Compiler/Intel-DetermineCompiler.cmake",
		"/usr/share/cmake/Modules/Compiler/IntelLLVM-DetermineCompiler.cmake",
		"/usr/share/cmake/Modules/Compiler/LCC-CXX-DetermineCompiler.cmake",
		"/usr/share/cmake/Modules/Compiler/MSVC-DetermineCompiler.cmake",
		"/usr/share/cmake/Modules/Compiler/NVHPC-DetermineCompiler.cmake",
		"/usr/share/cmake/Modules/Compiler/NVIDIA-DetermineCompiler.cmake",
		"/usr/share/cmake/Modules/Compiler/OpenWatcom-DetermineCompiler.cmake",
		"/usr/share/cmake/Modules/Compiler/PGI-DetermineCompiler.cmake",
		"/usr/share/cmake/Modules/Compiler/PathScale-DetermineCompiler.cmake",
		"/usr/share/cmake/Modules/Compiler/SCO-DetermineCompiler.cmake",
		"/usr/share/cmake/Modules/Compiler/SunPro-CXX-DetermineCompiler.cmake",
		"/usr/share/cmake/Modules/Compiler/TI-DetermineCompiler.cmake",
		"/usr/share/cmake/Modules/Compiler/Tasking-DetermineCompiler.cmake",
		"/usr/share/cmake/Modules/Compiler/VisualAge-CXX-DetermineCompiler.cmake",
		"/usr/share/cmake/Modules/Compiler/IBMCPP-CXX-DetermineVersionInternal.cmake",
		"/usr/share/cmake/Modules/Compiler/Watcom-DetermineCompiler.cmake",
		"/usr/share/cmake/Modules/Compiler/XL-CXX-DetermineCompiler.cmake",
		"/usr/share/cmake/Modules/Compiler/IBMCPP-CXX-DetermineVersionInternal.cmake",
		"/usr/share/cmake/Modules/Compiler/XLClang-CXX-DetermineCompiler.cmake",
		"/usr/share/cmake/Modules/Compiler/zOS-CXX-DetermineCompiler.cmake",
		"/usr/share/cmake/Modules/Compiler/IBMCPP-CXX-DetermineVersionInternal.cmake",
		"/usr/share/cmake/Modules/CMakeFindBinUtils.cmake",
		"/usr/share/cmake/Modules/Compiler/GNU-FindBinUtils.cmake",
		"/usr/share/cmake/Modules/CMakeCXXCompiler.cmake.in",
		"/home/ryc/Working/Copia/Visual/build-Visual2-Desktop-Debug/CMakeFiles/3.25.1/CMakeCXXCompiler.cmake",
		"/usr/share/cmake/Modules/CMakeSystemSpecificInformation.cmake",
		"/usr/share/cmake/Modules/CMakeGenericSystem.cmake",
		"/usr/share/cmake/Modules/CMakeInitializeConfigs.cmake",
		"/usr/share/cmake/Modules/Platform/Linux.cmake",
		"/usr/share/cmake/Modules/Platform/UnixPaths.cmake",
		"/usr/share/cmake/Modules/CMakeCXXInformation.cmake",
		"/usr/share/cmake/Modules/CMakeLanguageInformation.cmake",
		"/usr/share/cmake/Modules/Compiler/GNU-CXX.cmake",
		"/usr/share/cmake/Modules/Compiler/GNU.cmake",
		"/usr/share/cmake/Modules/Compiler/CMakeCommonCompilerMacros.cmake",
		"/usr/share/cmake/Modules/Platform/Linux-GNU-CXX.cmake",
		"/usr/share/cmake/Modules/Platform/Linux-GNU.cmake",
		"/usr/share/cmake/Modules/CMakeCommonLanguageInclude.cmake",
		"/usr/share/cmake/Modules/CMakeTestCXXCompiler.cmake",
		"/usr/share/cmake/Modules/CMakeTestCompilerCommon.cmake",
		"/usr/share/cmake/Modules/CMakeDetermineCompilerABI.cmake",
		"/usr/share/cmake/Modules/CMakeParseImplicitIncludeInfo.cmake",
		"/usr/share/cmake/Modules/CMakeParseImplicitLinkInfo.cmake",
		"/usr/share/cmake/Modules/CMakeParseLibraryArchitecture.cmake",
		"/usr/share/cmake/Modules/CMakeTestCompilerCommon.cmake",
		"/usr/share/cmake/Modules/CMakeCXXCompilerABI.cpp",
		"/usr/share/cmake/Modules/CMakeDetermineCompileFeatures.cmake",
		"/usr/share/cmake/Modules/Internal/FeatureTesting.cmake",
		"/usr/share/cmake/Modules/CMakeCXXCompiler.cmake.in",
		"/home/ryc/Working/Copia/Visual/build-Visual2-Desktop-Debug/CMakeFiles/3.25.1/CMakeCXXCompiler.cmake",
		"/usr/lib/cmake/Qt6/Qt6ConfigVersion.cmake",
		"/usr/lib/cmake/Qt6/Qt6ConfigVersionImpl.cmake",
		"/usr/lib/cmake/Qt6/Qt6Config.cmake",
		"/usr/lib/cmake/Qt6/Qt6ConfigExtras.cmake",
		"/usr/lib/cmake/Qt6/QtPublicCMakeVersionHelpers.cmake",
		"/usr/lib/cmake/Qt6/Qt6Targets.cmake",
		"/usr/lib/cmake/Qt6/Qt6VersionlessTargets.cmake",
		"/usr/lib/cmake/Qt6/QtFeature.cmake",
		"/usr/lib/cmake/Qt6/QtFeatureCommon.cmake",
		"/usr/share/cmake/Modules/CheckCXXCompilerFlag.cmake",
		"/usr/share/cmake/Modules/CheckCXXSourceCompiles.cmake",
		"/usr/share/cmake/Modules/Internal/CheckSourceCompiles.cmake",
		"/usr/share/cmake/Modules/Internal/CheckCompilerFlag.cmake",
		"/usr/share/cmake/Modules/Internal/CheckFlagCommonConfig.cmake",
		"/usr/share/cmake/Modules/Internal/CheckSourceCompiles.cmake",
		"/usr/share/cmake/Modules/CMakeCheckCompilerFlagCommonPatterns.cmake",
		"/usr/lib/cmake/Qt6/QtPublicAppleHelpers.cmake",
		"/usr/lib/cmake/Qt6/QtPublicFinalizerHelpers.cmake",
		"/usr/lib/cmake/Qt6/QtPublicPluginHelpers.cmake",
		"/usr/lib/cmake/Qt6/QtPublicTargetHelpers.cmake",
		"/usr/lib/cmake/Qt6/QtPublicWalkLibsHelpers.cmake",
		"/usr/lib/cmake/Qt6/QtPublicFindPackageHelpers.cmake",
		"/usr/lib/cmake/Qt6/QtPublicDependencyHelpers.cmake",
		"/usr/lib/cmake/Qt6/QtPublicTestHelpers.cmake",
		"/usr/lib/cmake/Qt6/QtPublicToolHelpers.cmake",
		"/usr/lib/cmake/Qt6/QtPublicCMakeHelpers.cmake",
		"/usr/share/cmake/Modules/CMakeFindDependencyMacro.cmake",
		"/usr/lib/cmake/Qt6/Qt6Dependencies.cmake",
		"/usr/share/cmake/Modules/FindThreads.cmake",
		"/usr/share/cmake/Modules/CheckLibraryExists.cmake",
		"/usr/share/cmake/Modules/CheckIncludeFileCXX.cmake",
		"/usr/share/cmake/Modules/CheckCXXSourceCompiles.cmake",
		"/usr/share/cmake/Modules/FindPackageHandleStandardArgs.cmake",
		"/usr/share/cmake/Modules/FindPackageMessage.cmake",
		"/usr/lib/cmake/Qt6/Qt6ConfigVersion.cmake",
		"/usr/lib/cmake/Qt6/Qt6ConfigVersionImpl.cmake",
		"/usr/lib/cmake/Qt6/Qt6Config.cmake",
		"/usr/lib/cmake/Qt6/Qt6ConfigExtras.cmake",
		"/usr/lib/cmake/Qt6/QtPublicCMakeVersionHelpers.cmake",
		"/usr/lib/cmake/Qt6/Qt6Targets.cmake",
		"/usr/lib/cmake/Qt6/Qt6VersionlessTargets.cmake",
		"/usr/lib/cmake/Qt6/QtFeature.cmake",
		"/usr/lib/cmake/Qt6/QtFeatureCommon.cmake",
		"/usr/share/cmake/Modules/CheckCXXCompilerFlag.cmake",
		"/usr/lib/cmake/Qt6/QtPublicAppleHelpers.cmake",
		"/usr/lib/cmake/Qt6/QtPublicFinalizerHelpers.cmake",
		"/usr/lib/cmake/Qt6/QtPublicPluginHelpers.cmake",
		"/usr/lib/cmake/Qt6/QtPublicTargetHelpers.cmake",
		"/usr/lib/cmake/Qt6/QtPublicWalkLibsHelpers.cmake",
		"/usr/lib/cmake/Qt6/QtPublicFindPackageHelpers.cmake",
		"/usr/lib/cmake/Qt6/QtPublicDependencyHelpers.cmake",
		"/usr/lib/cmake/Qt6/QtPublicTestHelpers.cmake",
		"/usr/lib/cmake/Qt6/QtPublicToolHelpers.cmake",
		"/usr/lib/cmake/Qt6/QtPublicCMakeHelpers.cmake",
		"/usr/share/cmake/Modules/CMakeFindDependencyMacro.cmake",
		"/usr/lib/cmake/Qt6/Qt6Dependencies.cmake",
		"/usr/share/cmake/Modules/FindThreads.cmake",
		"/usr/share/cmake/Modules/CheckLibraryExists.cmake",
		"/usr/share/cmake/Modules/CheckIncludeFileCXX.cmake",
		"/usr/share/cmake/Modules/CheckCXXSourceCompiles.cmake",
		"/usr/share/cmake/Modules/FindPackageHandleStandardArgs.cmake",
		"/usr/share/cmake/Modules/FindPackageMessage.cmake",
		"/usr/lib/cmake/Qt6Widgets/Qt6WidgetsConfigVersion.cmake",
		"/usr/lib/cmake/Qt6Widgets/Qt6WidgetsConfigVersionImpl.cmake",
		"/usr/lib/cmake/Qt6Widgets/Qt6WidgetsConfig.cmake",
		"/usr/share/cmake/Modules/CMakeFindDependencyMacro.cmake",
		"/usr/lib/cmake/Qt6Widgets/Qt6WidgetsDependencies.cmake",
		"/usr/lib/cmake/Qt6WidgetsTools/Qt6WidgetsToolsConfigVersion.cmake",
		"/usr/lib/cmake/Qt6WidgetsTools/Qt6WidgetsToolsConfigVersionImpl.cmake",
		"/usr/lib/cmake/Qt6WidgetsTools/Qt6WidgetsToolsConfig.cmake",
		"/usr/share/cmake/Modules/CMakeFindDependencyMacro.cmake",
		"/usr/lib/cmake/Qt6WidgetsTools/Qt6WidgetsToolsDependencies.cmake",
		"/usr/lib/cmake/Qt6CoreTools/Qt6CoreToolsConfigVersion.cmake",
		"/usr/lib/cmake/Qt6CoreTools/Qt6CoreToolsConfigVersionImpl.cmake",
		"/usr/lib/cmake/Qt6CoreTools/Qt6CoreToolsConfig.cmake",
		"/usr/share/cmake/Modules/CMakeFindDependencyMacro.cmake",
		"/usr/lib/cmake/Qt6CoreTools/Qt6CoreToolsDependencies.cmake",
		"/usr/lib/cmake/Qt6CoreTools/Qt6CoreToolsTargets.cmake",
		"/usr/lib/cmake/Qt6CoreTools/Qt6CoreToolsTargets-relwithdebinfo.cmake",
		"/usr/lib/cmake/Qt6CoreTools/Qt6CoreToolsAdditionalTargetInfo.cmake",
		"/usr/lib/cmake/Qt6CoreTools/Qt6CoreToolsVersionlessTargets.cmake",
		"/usr/lib/cmake/Qt6GuiTools/Qt6GuiToolsConfigVersion.cmake",
		"/usr/lib/cmake/Qt6GuiTools/Qt6GuiToolsConfigVersionImpl.cmake",
		"/usr/lib/cmake/Qt6GuiTools/Qt6GuiToolsConfig.cmake",
		"/usr/share/cmake/Modules/CMakeFindDependencyMacro.cmake",
		"/usr/lib/cmake/Qt6GuiTools/Qt6GuiToolsDependencies.cmake",
		"/usr/lib/cmake/Qt6GuiTools/Qt6GuiToolsTargets.cmake",
		"/usr/lib/cmake/Qt6GuiTools/Qt6GuiToolsTargets-relwithdebinfo.cmake",
		"/usr/lib/cmake/Qt6GuiTools/Qt6GuiToolsAdditionalTargetInfo.cmake",
		"/usr/lib/cmake/Qt6GuiTools/Qt6GuiToolsVersionlessTargets.cmake",
		"/usr/lib/cmake/Qt6WidgetsTools/Qt6WidgetsToolsTargets.cmake",
		"/usr/lib/cmake/Qt6WidgetsTools/Qt6WidgetsToolsTargets-relwithdebinfo.cmake",
		"/usr/lib/cmake/Qt6WidgetsTools/Qt6WidgetsToolsAdditionalTargetInfo.cmake",
		"/usr/lib/cmake/Qt6WidgetsTools/Qt6WidgetsToolsVersionlessTargets.cmake",
		"/usr/lib/cmake/Qt6Core/Qt6CoreConfigVersion.cmake",
		"/usr/lib/cmake/Qt6Core/Qt6CoreConfigVersionImpl.cmake",
		"/usr/lib/cmake/Qt6Core/Qt6CoreConfig.cmake",
		"/usr/share/cmake/Modules/CMakeFindDependencyMacro.cmake",
		"/usr/lib/cmake/Qt6Core/Qt6CoreDependencies.cmake",
		"/usr/lib/cmake/Qt6/FindWrapAtomic.cmake",
		"/usr/share/cmake/Modules/CheckCXXSourceCompiles.cmake",
		"/usr/share/cmake/Modules/FindPackageHandleStandardArgs.cmake",
		"/usr/share/cmake/Modules/FindPackageMessage.cmake",
		"/usr/lib/cmake/Qt6CoreTools/Qt6CoreToolsConfigVersion.cmake",
		"/usr/lib/cmake/Qt6CoreTools/Qt6CoreToolsConfigVersionImpl.cmake",
		"/usr/lib/cmake/Qt6CoreTools/Qt6CoreToolsConfig.cmake",
		"/usr/share/cmake/Modules/CMakeFindDependencyMacro.cmake",
		"/usr/lib/cmake/Qt6CoreTools/Qt6CoreToolsDependencies.cmake",
		"/usr/lib/cmake/Qt6CoreTools/Qt6CoreToolsTargets.cmake",
		"/usr/lib/cmake/Qt6CoreTools/Qt6CoreToolsAdditionalTargetInfo.cmake",
		"/usr/lib/cmake/Qt6CoreTools/Qt6CoreToolsVersionlessTargets.cmake",
		"/usr/lib/cmake/Qt6Core/Qt6CoreTargets.cmake",
		"/usr/lib/cmake/Qt6Core/Qt6CoreTargets-relwithdebinfo.cmake",
		"/usr/lib/cmake/Qt6Core/Qt6CoreAdditionalTargetInfo.cmake",
		"/usr/lib/cmake/Qt6Core/Qt6CoreVersionlessTargets.cmake",
		"/usr/lib/cmake/Qt6Core/Qt6CoreMacros.cmake",
		"/usr/lib/cmake/Qt6Core/Qt6CoreConfigExtras.cmake",
		"/usr/share/cmake/Modules/GNUInstallDirs.cmake",
		"/usr/lib/cmake/Qt6Gui/Qt6GuiConfigVersion.cmake",
		"/usr/lib/cmake/Qt6Gui/Qt6GuiConfigVersionImpl.cmake",
		"/usr/lib/cmake/Qt6Gui/Qt6GuiConfig.cmake",
		"/usr/share/cmake/Modules/CMakeFindDependencyMacro.cmake",
		"/usr/lib/cmake/Qt6Gui/Qt6GuiDependencies.cmake",
		"/usr/lib/cmake/Qt6/FindWrapOpenGL.cmake",
		"/usr/share/cmake/Modules/FindOpenGL.cmake",
		"/usr/share/cmake/Modules/FindPackageHandleStandardArgs.cmake",
		"/usr/share/cmake/Modules/FindPackageMessage.cmake",
		"/usr/share/cmake/Modules/FindPackageHandleStandardArgs.cmake",
		"/usr/share/cmake/Modules/FindPackageMessage.cmake",
		"/usr/lib/cmake/Qt6/3rdparty/kwin/FindXKB.cmake",
		"/usr/share/cmake/Modules/FindPkgConfig.cmake",
		"/usr/share/cmake/Modules/FindPackageHandleStandardArgs.cmake",
		"/usr/share/cmake/Modules/FindPackageMessage.cmake",
		"/usr/share/cmake/Modules/FindPackageHandleStandardArgs.cmake",
		"/usr/share/cmake/Modules/FindPackageMessage.cmake",
		"/usr/share/cmake/Modules/FeatureSummary.cmake",
		"/usr/lib/cmake/Qt6/FindWrapVulkanHeaders.cmake",
		"/usr/share/cmake/Modules/FindVulkan.cmake",
		"/usr/share/cmake/Modules/FindPackageHandleStandardArgs.cmake",
		"/usr/share/cmake/Modules/FindPackageMessage.cmake",
		"/usr/share/cmake/Modules/FindPackageHandleStandardArgs.cmake",
		"/usr/share/cmake/Modules/FindPackageMessage.cmake",
		"/usr/lib/cmake/Qt6GuiTools/Qt6GuiToolsConfigVersion.cmake",
		"/usr/lib/cmake/Qt6GuiTools/Qt6GuiToolsConfigVersionImpl.cmake",
		"/usr/lib/cmake/Qt6GuiTools/Qt6GuiToolsConfig.cmake",
		"/usr/share/cmake/Modules/CMakeFindDependencyMacro.cmake",
		"/usr/lib/cmake/Qt6GuiTools/Qt6GuiToolsDependencies.cmake",
		"/usr/lib/cmake/Qt6GuiTools/Qt6GuiToolsTargets.cmake",
		"/usr/lib/cmake/Qt6GuiTools/Qt6GuiToolsAdditionalTargetInfo.cmake",
		"/usr/lib/cmake/Qt6GuiTools/Qt6GuiToolsVersionlessTargets.cmake",
		"/usr/lib/cmake/Qt6DBus/Qt6DBusConfigVersion.cmake",
		"/usr/lib/cmake/Qt6DBus/Qt6DBusConfigVersionImpl.cmake",
		"/usr/lib/cmake/Qt6DBus/Qt6DBusConfig.cmake",
		"/usr/share/cmake/Modules/CMakeFindDependencyMacro.cmake",
		"/usr/lib/cmake/Qt6DBus/Qt6DBusDependencies.cmake",
		"/usr/lib/cmake/Qt6DBusTools/Qt6DBusToolsConfigVersion.cmake",
		"/usr/lib/cmake/Qt6DBusTools/Qt6DBusToolsConfigVersionImpl.cmake",
		"/usr/lib/cmake/Qt6DBusTools/Qt6DBusToolsConfig.cmake",
		"/usr/share/cmake/Modules/CMakeFindDependencyMacro.cmake",
		"/usr/lib/cmake/Qt6DBusTools/Qt6DBusToolsDependencies.cmake",
		"/usr/lib/cmake/Qt6DBusTools/Qt6DBusToolsTargets.cmake",
		"/usr/lib/cmake/Qt6DBusTools/Qt6DBusToolsTargets-relwithdebinfo.cmake",
		"/usr/lib/cmake/Qt6DBusTools/Qt6DBusToolsAdditionalTargetInfo.cmake",
		"/usr/lib/cmake/Qt6DBusTools/Qt6DBusToolsVersionlessTargets.cmake",
		"/usr/lib/cmake/Qt6DBus/Qt6DBusTargets.cmake",
		"/usr/lib/cmake/Qt6DBus/Qt6DBusTargets-relwithdebinfo.cmake",
		"/usr/lib/cmake/Qt6DBus/Qt6DBusAdditionalTargetInfo.cmake",
		"/usr/lib/cmake/Qt6DBus/Qt6DBusVersionlessTargets.cmake",
		"/usr/lib/cmake/Qt6DBus/Qt6DBusMacros.cmake",
		"/usr/share/cmake/Modules/MacroAddFileDependencies.cmake",
		"/usr/lib/cmake/Qt6Gui/Qt6GuiTargets.cmake",
		"/usr/lib/cmake/Qt6Gui/Qt6GuiTargets-relwithdebinfo.cmake",
		"/usr/lib/cmake/Qt6Gui/Qt6GuiAdditionalTargetInfo.cmake",
		"/usr/lib/cmake/Qt6Gui/Qt6GuiVersionlessTargets.cmake",
		"/usr/lib/cmake/Qt6Gui/Qt6GuiPlugins.cmake",
		"/usr/lib/cmake/Qt6Gui/Qt6QComposePlatformInputContextPluginConfig.cmake",
		"/usr/share/cmake/Modules/CMakeFindDependencyMacro.cmake",
		"/usr/lib/cmake/Qt6Gui/Qt6QComposePlatformInputContextPluginTargets.cmake",
		"/usr/lib/cmake/Qt6Gui/Qt6QComposePlatformInputContextPluginTargets-relwithdebinfo.cmake",
		"/usr/lib/cmake/Qt6Gui/Qt6QComposePlatformInputContextPluginAdditionalTargetInfo.cmake",
		"/usr/lib/cmake/Qt6Gui/Qt6QEglFSEmulatorIntegrationPluginConfig.cmake",
		"/usr/share/cmake/Modules/CMakeFindDependencyMacro.cmake",
		"/usr/lib/cmake/Qt6Gui/Qt6QEglFSEmulatorIntegrationPluginTargets.cmake",
		"/usr/lib/cmake/Qt6Gui/Qt6QEglFSEmulatorIntegrationPluginTargets-relwithdebinfo.cmake",
		"/usr/lib/cmake/Qt6Gui/Qt6QEglFSEmulatorIntegrationPluginAdditionalTargetInfo.cmake",
		"/usr/lib/cmake/Qt6Gui/Qt6QEglFSIntegrationPluginConfig.cmake",
		"/usr/share/cmake/Modules/CMakeFindDependencyMacro.cmake",
		"/usr/lib/cmake/Qt6Gui/Qt6QEglFSIntegrationPluginTargets.cmake",
		"/usr/lib/cmake/Qt6Gui/Qt6QEglFSIntegrationPluginTargets-relwithdebinfo.cmake",
		"/usr/lib/cmake/Qt6Gui/Qt6QEglFSIntegrationPluginAdditionalTargetInfo.cmake",
		"/usr/lib/cmake/Qt6Gui/Qt6QEglFSKmsEglDeviceIntegrationPluginConfig.cmake",
		"/usr/share/cmake/Modules/CMakeFindDependencyMacro.cmake",
		"/usr/lib/cmake/Qt6Gui/Qt6QEglFSKmsEglDeviceIntegrationPluginTargets.cmake",
		"/usr/lib/cmake/Qt6Gui/Qt6QEglFSKmsEglDeviceIntegrationPluginTargets-relwithdebinfo.cmake",
		"/usr/lib/cmake/Qt6Gui/Qt6QEglFSKmsEglDeviceIntegrationPluginAdditionalTargetInfo.cmake",
		"/usr/lib/cmake/Qt6Gui/Qt6QEglFSKmsGbmIntegrationPluginConfig.cmake",
		"/usr/share/cmake/Modules/CMakeFindDependencyMacro.cmake",
		"/usr/lib/cmake/Qt6Gui/Qt6QEglFSKmsGbmIntegrationPluginTargets.cmake",
		"/usr/lib/cmake/Qt6Gui/Qt6QEglFSKmsGbmIntegrationPluginTargets-relwithdebinfo.cmake",
		"/usr/lib/cmake/Qt6Gui/Qt6QEglFSKmsGbmIntegrationPluginAdditionalTargetInfo.cmake",
		"/usr/lib/cmake/Qt6Gui/Qt6QEglFSX11IntegrationPluginConfig.cmake",
		"/usr/share/cmake/Modules/CMakeFindDependencyMacro.cmake",
		"/usr/lib/cmake/Qt6Gui/Qt6QEglFSX11IntegrationPluginTargets.cmake",
		"/usr/lib/cmake/Qt6Gui/Qt6QEglFSX11IntegrationPluginTargets-relwithdebinfo.cmake",
		"/usr/lib/cmake/Qt6Gui/Qt6QEglFSX11IntegrationPluginAdditionalTargetInfo.cmake",
		"/usr/lib/cmake/Qt6Gui/Qt6QEvdevKeyboardPluginConfig.cmake",
		"/usr/share/cmake/Modules/CMakeFindDependencyMacro.cmake",
		"/usr/lib/cmake/Qt6Gui/Qt6QEvdevKeyboardPluginTargets.cmake",
		"/usr/lib/cmake/Qt6Gui/Qt6QEvdevKeyboardPluginTargets-relwithdebinfo.cmake",
		"/usr/lib/cmake/Qt6Gui/Qt6QEvdevKeyboardPluginAdditionalTargetInfo.cmake",
		"/usr/lib/cmake/Qt6Gui/Qt6QEvdevMousePluginConfig.cmake",
		"/usr/share/cmake/Modules/CMakeFindDependencyMacro.cmake",
		"/usr/lib/cmake/Qt6Gui/Qt6QEvdevMousePluginTargets.cmake",
		"/usr/lib/cmake/Qt6Gui/Qt6QEvdevMousePluginTargets-relwithdebinfo.cmake",
		"/usr/lib/cmake/Qt6Gui/Qt6QEvdevMousePluginAdditionalTargetInfo.cmake",
		"/usr/lib/cmake/Qt6Gui/Qt6QEvdevTabletPluginConfig.cmake",
		"/usr/share/cmake/Modules/CMakeFindDependencyMacro.cmake",
		"/usr/lib/cmake/Qt6Gui/Qt6QEvdevTabletPluginTargets.cmake",
		"/usr/lib/cmake/Qt6Gui/Qt6QEvdevTabletPluginTargets-relwithdebinfo.cmake",
		"/usr/lib/cmake/Qt6Gui/Qt6QEvdevTabletPluginAdditionalTargetInfo.cmake",
		"/usr/lib/cmake/Qt6Gui/Qt6QEvdevTouchScreenPluginConfig.cmake",
		"/usr/share/cmake/Modules/CMakeFindDependencyMacro.cmake",
		"/usr/lib/cmake/Qt6Gui/Qt6QEvdevTouchScreenPluginTargets.cmake",
		"/usr/lib/cmake/Qt6Gui/Qt6QEvdevTouchScreenPluginTargets-relwithdebinfo.cmake",
		"/usr/lib/cmake/Qt6Gui/Qt6QEvdevTouchScreenPluginAdditionalTargetInfo.cmake",
		"/usr/lib/cmake/Qt6Gui/Qt6QGifPluginConfig.cmake",
		"/usr/share/cmake/Modules/CMakeFindDependencyMacro.cmake",
		"/usr/lib/cmake/Qt6Gui/Qt6QGifPluginTargets.cmake",
		"/usr/lib/cmake/Qt6Gui/Qt6QGifPluginTargets-relwithdebinfo.cmake",
		"/usr/lib/cmake/Qt6Gui/Qt6QGifPluginAdditionalTargetInfo.cmake",
		"/usr/lib/cmake/Qt6Gui/Qt6QGtk3ThemePluginConfig.cmake",
		"/usr/share/cmake/Modules/CMakeFindDependencyMacro.cmake",
		"/usr/lib/cmake/Qt6Gui/Qt6QGtk3ThemePluginTargets.cmake",
		"/usr/lib/cmake/Qt6Gui/Qt6QGtk3ThemePluginTargets-relwithdebinfo.cmake",
		"/usr/lib/cmake/Qt6Gui/Qt6QGtk3ThemePluginAdditionalTargetInfo.cmake",
		"/usr/lib/cmake/Qt6Gui/Qt6QICNSPluginConfig.cmake",
		"/usr/share/cmake/Modules/CMakeFindDependencyMacro.cmake",
		"/usr/lib/cmake/Qt6Gui/Qt6QICNSPluginTargets.cmake",
		"/usr/lib/cmake/Qt6Gui/Qt6QICNSPluginTargets-relwithdebinfo.cmake",
		"/usr/lib/cmake/Qt6Gui/Qt6QICNSPluginAdditionalTargetInfo.cmake",
		"/usr/lib/cmake/Qt6Gui/Qt6QICOPluginConfig.cmake",
		"/usr/share/cmake/Modules/CMakeFindDependencyMacro.cmake",
		"/usr/lib/cmake/Qt6Gui/Qt6QICOPluginTargets.cmake",
		"/usr/lib/cmake/Qt6Gui/Qt6QICOPluginTargets-relwithdebinfo.cmake",
		"/usr/lib/cmake/Qt6Gui/Qt6QICOPluginAdditionalTargetInfo.cmake",
		"/usr/lib/cmake/Qt6Gui/Qt6QIbusPlatformInputContextPluginConfig.cmake",
		"/usr/share/cmake/Modules/CMakeFindDependencyMacro.cmake",
		"/usr/lib/cmake/Qt6Gui/Qt6QIbusPlatformInputContextPluginTargets.cmake",
		"/usr/lib/cmake/Qt6Gui/Qt6QIbusPlatformInputContextPluginTargets-relwithdebinfo.cmake",
		"/usr/lib/cmake/Qt6Gui/Qt6QIbusPlatformInputContextPluginAdditionalTargetInfo.cmake",
		"/usr/lib/cmake/Qt6Gui/Qt6QJp2PluginConfig.cmake",
		"/usr/share/cmake/Modules/CMakeFindDependencyMacro.cmake",
		"/usr/lib/cmake/Qt6Gui/Qt6QJp2PluginTargets.cmake",
		"/usr/lib/cmake/Qt6Gui/Qt6QJp2PluginTargets-relwithdebinfo.cmake",
		"/usr/lib/cmake/Qt6Gui/Qt6QJp2PluginAdditionalTargetInfo.cmake",
		"/usr/lib/cmake/Qt6Gui/Qt6QJpegPluginConfig.cmake",
		"/usr/share/cmake/Modules/CMakeFindDependencyMacro.cmake",
		"/usr/lib/cmake/Qt6Gui/Qt6QJpegPluginTargets.cmake",
		"/usr/lib/cmake/Qt6Gui/Qt6QJpegPluginTargets-relwithdebinfo.cmake",
		"/usr/lib/cmake/Qt6Gui/Qt6QJpegPluginAdditionalTargetInfo.cmake",
		"/usr/lib/cmake/Qt6Gui/Qt6QLibInputPluginConfig.cmake",
		"/usr/share/cmake/Modules/CMakeFindDependencyMacro.cmake",
		"/usr/lib/cmake/Qt6Gui/Qt6QLibInputPluginTargets.cmake",
		"/usr/lib/cmake/Qt6Gui/Qt6QLibInputPluginTargets-relwithdebinfo.cmake",
		"/usr/lib/cmake/Qt6Gui/Qt6QLibInputPluginAdditionalTargetInfo.cmake",
		"/usr/lib/cmake/Qt6Gui/Qt6QLinuxFbIntegrationPluginConfig.cmake",
		"/usr/share/cmake/Modules/CMakeFindDependencyMacro.cmake",
		"/usr/lib/cmake/Qt6Gui/Qt6QLinuxFbIntegrationPluginTargets.cmake",
		"/usr/lib/cmake/Qt6Gui/Qt6QLinuxFbIntegrationPluginTargets-relwithdebinfo.cmake",
		"/usr/lib/cmake/Qt6Gui/Qt6QLinuxFbIntegrationPluginAdditionalTargetInfo.cmake",
		"/usr/lib/cmake/Qt6Gui/Qt6QMinimalEglIntegrationPluginConfig.cmake",
		"/usr/share/cmake/Modules/CMakeFindDependencyMacro.cmake",
		"/usr/lib/cmake/Qt6Gui/Qt6QMinimalEglIntegrationPluginTargets.cmake",
		"/usr/lib/cmake/Qt6Gui/Qt6QMinimalEglIntegrationPluginTargets-relwithdebinfo.cmake",
		"/usr/lib/cmake/Qt6Gui/Qt6QMinimalEglIntegrationPluginAdditionalTargetInfo.cmake",
		"/usr/lib/cmake/Qt6Gui/Qt6QMinimalIntegrationPluginConfig.cmake",
		"/usr/share/cmake/Modules/CMakeFindDependencyMacro.cmake",
		"/usr/lib/cmake/Qt6Gui/Qt6QMinimalIntegrationPluginTargets.cmake",
		"/usr/lib/cmake/Qt6Gui/Qt6QMinimalIntegrationPluginTargets-relwithdebinfo.cmake",
		"/usr/lib/cmake/Qt6Gui/Qt6QMinimalIntegrationPluginAdditionalTargetInfo.cmake",
		"/usr/lib/cmake/Qt6Gui/Qt6QMngPluginConfig.cmake",
		"/usr/share/cmake/Modules/CMakeFindDependencyMacro.cmake",
		"/usr/lib/cmake/Qt6Gui/Qt6QMngPluginTargets.cmake",
		"/usr/lib/cmake/Qt6Gui/Qt6QMngPluginTargets-relwithdebinfo.cmake",
		"/usr/lib/cmake/Qt6Gui/Qt6QMngPluginAdditionalTargetInfo.cmake",
		"/usr/lib/cmake/Qt6Gui/Qt6QOffscreenIntegrationPluginConfig.cmake",
		"/usr/share/cmake/Modules/CMakeFindDependencyMacro.cmake",
		"/usr/lib/cmake/Qt6Gui/Qt6QOffscreenIntegrationPluginTargets.cmake",
		"/usr/lib/cmake/Qt6Gui/Qt6QOffscreenIntegrationPluginTargets-relwithdebinfo.cmake",
		"/usr/lib/cmake/Qt6Gui/Qt6QOffscreenIntegrationPluginAdditionalTargetInfo.cmake",
		"/usr/lib/cmake/Qt6Gui/Qt6QPdfPluginConfig.cmake",
		"/usr/share/cmake/Modules/CMakeFindDependencyMacro.cmake",
		"/usr/lib/cmake/Qt6Gui/Qt6QPdfPluginTargets.cmake",
		"/usr/lib/cmake/Qt6Gui/Qt6QPdfPluginTargets-relwithdebinfo.cmake",
		"/usr/lib/cmake/Qt6Gui/Qt6QPdfPluginAdditionalTargetInfo.cmake",
		"/usr/lib/cmake/Qt6Gui/Qt6QSvgIconPluginConfig.cmake",
		"/usr/share/cmake/Modules/CMakeFindDependencyMacro.cmake",
		"/usr/lib/cmake/Qt6Gui/Qt6QSvgIconPluginTargets.cmake",
		"/usr/lib/cmake/Qt6Gui/Qt6QSvgIconPluginTargets-relwithdebinfo.cmake",
		"/usr/lib/cmake/Qt6Gui/Qt6QSvgIconPluginAdditionalTargetInfo.cmake",
		"/usr/lib/cmake/Qt6Gui/Qt6QSvgPluginConfig.cmake",
		"/usr/share/cmake/Modules/CMakeFindDependencyMacro.cmake",
		"/usr/lib/cmake/Qt6Gui/Qt6QSvgPluginTargets.cmake",
		"/usr/lib/cmake/Qt6Gui/Qt6QSvgPluginTargets-relwithdebinfo.cmake",
		"/usr/lib/cmake/Qt6Gui/Qt6QSvgPluginAdditionalTargetInfo.cmake",
		"/usr/lib/cmake/Qt6Gui/Qt6QTgaPluginConfig.cmake",
		"/usr/share/cmake/Modules/CMakeFindDependencyMacro.cmake",
		"/usr/lib/cmake/Qt6Gui/Qt6QTgaPluginTargets.cmake",
		"/usr/lib/cmake/Qt6Gui/Qt6QTgaPluginTargets-relwithdebinfo.cmake",
		"/usr/lib/cmake/Qt6Gui/Qt6QTgaPluginAdditionalTargetInfo.cmake",
		"/usr/lib/cmake/Qt6Gui/Qt6QTiffPluginConfig.cmake",
		"/usr/share/cmake/Modules/CMakeFindDependencyMacro.cmake",
		"/usr/lib/cmake/Qt6Gui/Qt6QTiffPluginTargets.cmake",
		"/usr/lib/cmake/Qt6Gui/Qt6QTiffPluginTargets-relwithdebinfo.cmake",
		"/usr/lib/cmake/Qt6Gui/Qt6QTiffPluginAdditionalTargetInfo.cmake",
		"/usr/lib/cmake/Qt6Gui/Qt6QTsLibPluginConfig.cmake",
		"/usr/share/cmake/Modules/CMakeFindDependencyMacro.cmake",
		"/usr/lib/cmake/Qt6Gui/Qt6QTsLibPluginTargets.cmake",
		"/usr/lib/cmake/Qt6Gui/Qt6QTsLibPluginTargets-relwithdebinfo.cmake",
		"/usr/lib/cmake/Qt6Gui/Qt6QTsLibPluginAdditionalTargetInfo.cmake",
		"/usr/lib/cmake/Qt6Gui/Qt6QTuioTouchPluginConfig.cmake",
		"/usr/share/cmake/Modules/CMakeFindDependencyMacro.cmake",
		"/usr/lib/cmake/Qt6Gui/Qt6QTuioTouchPluginTargets.cmake",
		"/usr/lib/cmake/Qt6Gui/Qt6QTuioTouchPluginTargets-relwithdebinfo.cmake",
		"/usr/lib/cmake/Qt6Gui/Qt6QTuioTouchPluginAdditionalTargetInfo.cmake",
		"/usr/lib/cmake/Qt6Gui/Qt6QVkKhrDisplayIntegrationPluginConfig.cmake",
		"/usr/share/cmake/Modules/CMakeFindDependencyMacro.cmake",
		"/usr/lib/cmake/Qt6Gui/Qt6QVkKhrDisplayIntegrationPluginTargets.cmake",
		"/usr/lib/cmake/Qt6Gui/Qt6QVkKhrDisplayIntegrationPluginTargets-relwithdebinfo.cmake",
		"/usr/lib/cmake/Qt6Gui/Qt6QVkKhrDisplayIntegrationPluginAdditionalTargetInfo.cmake",
		"/usr/lib/cmake/Qt6Gui/Qt6QVncIntegrationPluginConfig.cmake",
		"/usr/share/cmake/Modules/CMakeFindDependencyMacro.cmake",
		"/usr/lib/cmake/Qt6Gui/Qt6QVncIntegrationPluginTargets.cmake",
		"/usr/lib/cmake/Qt6Gui/Qt6QVncIntegrationPluginTargets-relwithdebinfo.cmake",
		"/usr/lib/cmake/Qt6Gui/Qt6QVncIntegrationPluginAdditionalTargetInfo.cmake",
		"/usr/lib/cmake/Qt6Gui/Qt6QWaylandEglPlatformIntegrationPluginConfig.cmake",
		"/usr/share/cmake/Modules/CMakeFindDependencyMacro.cmake",
		"/usr/lib/cmake/Qt6Gui/Qt6QWaylandEglPlatformIntegrationPluginTargets.cmake",
		"/usr/lib/cmake/Qt6Gui/Qt6QWaylandEglPlatformIntegrationPluginTargets-relwithdebinfo.cmake",
		"/usr/lib/cmake/Qt6Gui/Qt6QWaylandEglPlatformIntegrationPluginAdditionalTargetInfo.cmake",
		"/usr/lib/cmake/Qt6Gui/Qt6QWaylandIntegrationPluginConfig.cmake",
		"/usr/share/cmake/Modules/CMakeFindDependencyMacro.cmake",
		"/usr/lib/cmake/Qt6Gui/Qt6QWaylandIntegrationPluginTargets.cmake",
		"/usr/lib/cmake/Qt6Gui/Qt6QWaylandIntegrationPluginTargets-relwithdebinfo.cmake",
		"/usr/lib/cmake/Qt6Gui/Qt6QWaylandIntegrationPluginAdditionalTargetInfo.cmake",
		"/usr/lib/cmake/Qt6Gui/Qt6QWbmpPluginConfig.cmake",
		"/usr/share/cmake/Modules/CMakeFindDependencyMacro.cmake",
		"/usr/lib/cmake/Qt6Gui/Qt6QWbmpPluginTargets.cmake",
		"/usr/lib/cmake/Qt6Gui/Qt6QWbmpPluginTargets-relwithdebinfo.cmake",
		"/usr/lib/cmake/Qt6Gui/Qt6QWbmpPluginAdditionalTargetInfo.cmake",
		"/usr/lib/cmake/Qt6Gui/Qt6QWebpPluginConfig.cmake",
		"/usr/share/cmake/Modules/CMakeFindDependencyMacro.cmake",
		"/usr/lib/cmake/Qt6Gui/Qt6QWebpPluginTargets.cmake",
		"/usr/lib/cmake/Qt6Gui/Qt6QWebpPluginTargets-relwithdebinfo.cmake",
		"/usr/lib/cmake/Qt6Gui/Qt6QWebpPluginAdditionalTargetInfo.cmake",
		"/usr/lib/cmake/Qt6Gui/Qt6QXcbEglIntegrationPluginConfig.cmake",
		"/usr/share/cmake/Modules/CMakeFindDependencyMacro.cmake",
		"/usr/lib/cmake/Qt6Gui/Qt6QXcbEglIntegrationPluginTargets.cmake",
		"/usr/lib/cmake/Qt6Gui/Qt6QXcbEglIntegrationPluginTargets-relwithdebinfo.cmake",
		"/usr/lib/cmake/Qt6Gui/Qt6QXcbEglIntegrationPluginAdditionalTargetInfo.cmake",
		"/usr/lib/cmake/Qt6Gui/Qt6QXcbGlxIntegrationPluginConfig.cmake",
		"/usr/share/cmake/Modules/CMakeFindDependencyMacro.cmake",
		"/usr/lib/cmake/Qt6Gui/Qt6QXcbGlxIntegrationPluginTargets.cmake",
		"/usr/lib/cmake/Qt6Gui/Qt6QXcbGlxIntegrationPluginTargets-relwithdebinfo.cmake",
		"/usr/lib/cmake/Qt6Gui/Qt6QXcbGlxIntegrationPluginAdditionalTargetInfo.cmake",
		"/usr/lib/cmake/Qt6Gui/Qt6QXcbIntegrationPluginConfig.cmake",
		"/usr/share/cmake/Modules/CMakeFindDependencyMacro.cmake",
		"/usr/lib/cmake/Qt6Gui/Qt6QXcbIntegrationPluginTargets.cmake",
		"/usr/lib/cmake/Qt6Gui/Qt6QXcbIntegrationPluginTargets-relwithdebinfo.cmake",
		"/usr/lib/cmake/Qt6Gui/Qt6QXcbIntegrationPluginAdditionalTargetInfo.cmake",
		"/usr/lib/cmake/Qt6Gui/Qt6QXdgDesktopPortalThemePluginConfig.cmake",
		"/usr/share/cmake/Modules/CMakeFindDependencyMacro.cmake",
		"/usr/lib/cmake/Qt6Gui/Qt6QXdgDesktopPortalThemePluginTargets.cmake",
		"/usr/lib/cmake/Qt6Gui/Qt6QXdgDesktopPortalThemePluginTargets-relwithdebinfo.cmake",
		"/usr/lib/cmake/Qt6Gui/Qt6QXdgDesktopPortalThemePluginAdditionalTargetInfo.cmake",
		"/usr/lib/cmake/Qt6Widgets/Qt6WidgetsTargets.cmake",
		"/usr/lib/cmake/Qt6Widgets/Qt6WidgetsTargets-relwithdebinfo.cmake",
		"/usr/lib/cmake/Qt6Widgets/Qt6WidgetsAdditionalTargetInfo.cmake",
		"/usr/lib/cmake/Qt6Widgets/Qt6WidgetsVersionlessTargets.cmake",
		"/usr/lib/cmake/Qt6Widgets/Qt6WidgetsMacros.cmake"
	],
	"CMAKE_SOURCE_DIR" : "/home/ryc/Working/Copia/Visual/Visual2",
	"DEP_FILE" : "",
	"DEP_FILE_RULE_NAME" : "",
	"HEADERS" : 
	[
		[
			"/home/ryc/Working/Copia/Visual/Visual2/Graph.h",
			"MU",
			"EWIEGA46WW/moc_Graph.cpp",
			null
		],
		[
			"/home/ryc/Working/Copia/Visual/Visual2/Queue.h",
			"MU",
			"EWIEGA46WW/moc_Queue.cpp",
			null
		],
		[
			"/home/ryc/Working/Copia/Visual/Visual2/Stack.h",
			"MU",
			"EWIEGA46WW/moc_Stack.cpp",
			null
		],
		[
			"/home/ryc/Working/Copia/Visual/Visual2/dialoggraph.h",
			"MU",
			"EWIEGA46WW/moc_dialoggraph.cpp",
			null
		],
		[
			"/home/ryc/Working/Copia/Visual/Visual2/dialogqueue.h",
			"MU",
			"EWIEGA46WW/moc_dialogqueue.cpp",
			null
		],
		[
			"/home/ryc/Working/Copia/Visual/Visual2/dialogstack.h",
			"MU",
			"EWIEGA46WW/moc_dialogstack.cpp",
			null
		],
		[
			"/home/ryc/Working/Copia/Visual/Visual2/widget.h",
			"MU",
			"EWIEGA46WW/moc_widget.cpp",
			null
		]
	],
	"HEADER_EXTENSIONS" : [ "h", "hh", "h++", "hm", "hpp", "hxx", "in", "txx" ],
	"INCLUDE_DIR" : "/home/ryc/Working/Copia/Visual/build-Visual2-Desktop-Debug/Visual2_autogen/include",
	"MOC_COMPILATION_FILE" : "/home/ryc/Working/Copia/Visual/build-Visual2-Desktop-Debug/Visual2_autogen/mocs_compilation.cpp",
	"MOC_DEFINITIONS" : [ "QT_CORE_LIB", "QT_GUI_LIB", "QT_WIDGETS_LIB" ],
	"MOC_DEPEND_FILTERS" : 
	[
		[
			"Q_PLUGIN_METADATA",
			"[\n][ \t]*Q_PLUGIN_METADATA[ \t]*\\([^\\)]*FILE[ \t]*\"([^\"]+)\""
		]
	],
	"MOC_INCLUDES" : 
	[
		"/usr/include/qt6/QtCore",
		"/usr/include/qt6",
		"/usr/lib/qt6/mkspecs/linux-g++",
		"/usr/include/qt6/QtWidgets",
		"/usr/include/qt6/QtGui",
		"/usr/include",
		"/usr/include/c++/12.2.0",
		"/usr/include/c++/12.2.0/x86_64-pc-linux-gnu",
		"/usr/include/c++/12.2.0/backward",
		"/usr/lib/gcc/x86_64-pc-linux-gnu/12.2.0/include",
		"/usr/local/include",
		"/usr/lib/gcc/x86_64-pc-linux-gnu/12.2.0/include-fixed"
	],
	"MOC_MACRO_NAMES" : 
	[
		"Q_OBJECT",
		"Q_GADGET",
		"Q_GADGET_EXPORT",
		"Q_NAMESPACE",
		"Q_NAMESPACE_EXPORT"
	],
	"MOC_OPTIONS" : [],
	"MOC_PATH_PREFIX" : false,
	"MOC_PREDEFS_CMD" : 
	[
		"/usr/bin/g++",
		"-dM",
		"-E",
		"-c",
		"/usr/share/cmake/Modules/CMakeCXXCompilerABI.cpp"
	],
	"MOC_PREDEFS_FILE" : "/home/ryc/Working/Copia/Visual/build-Visual2-Desktop-Debug/Visual2_autogen/moc_predefs.h",
	"MOC_RELAXED_MODE" : false,
	"MOC_SKIP" : [],
	"MULTI_CONFIG" : false,
	"PARALLEL" : 2,
	"PARSE_CACHE_FILE" : "/home/ryc/Working/Copia/Visual/build-Visual2-Desktop-Debug/CMakeFiles/Visual2_autogen.dir/ParseCache.txt",
	"QT_MOC_EXECUTABLE" : "/usr/lib/qt6/moc",
	"QT_UIC_EXECUTABLE" : "/usr/lib/qt6/uic",
	"QT_VERSION_MAJOR" : 6,
	"QT_VERSION_MINOR" : 4,
	"SETTINGS_FILE" : "/home/ryc/Working/Copia/Visual/build-Visual2-Desktop-Debug/CMakeFiles/Visual2_autogen.dir/AutogenUsed.txt",
	"SOURCES" : 
	[
		[ "/home/ryc/Working/Copia/Visual/Visual2/dialoggraph.cpp", "MU", null ],
		[ "/home/ryc/Working/Copia/Visual/Visual2/dialogqueue.cpp", "MU", null ],
		[ "/home/ryc/Working/Copia/Visual/Visual2/dialogstack.cpp", "MU", null ],
		[ "/home/ryc/Working/Copia/Visual/Visual2/main.cpp", "MU", null ],
		[ "/home/ryc/Working/Copia/Visual/Visual2/widget.cpp", "MU", null ]
	],
	"UIC_OPTIONS" : [],
	"UIC_SEARCH_PATHS" : [],
	"UIC_SKIP" : [],
	"UIC_UI_FILES" : [],
	"VERBOSITY" : 0
}
